{"assets/fonts/Poppins/Poppins-Black.ttf":["assets/fonts/Poppins/Poppins-Black.ttf"],"assets/fonts/Poppins/Poppins-BlackItalic.ttf":["assets/fonts/Poppins/Poppins-BlackItalic.ttf"],"assets/fonts/Poppins/Poppins-Bold.ttf":["assets/fonts/Poppins/Poppins-Bold.ttf"],"assets/fonts/Poppins/Poppins-BoldItalic.ttf":["assets/fonts/Poppins/Poppins-BoldItalic.ttf"],"assets/fonts/Poppins/Poppins-ExtraBold.ttf":["assets/fonts/Poppins/Poppins-ExtraBold.ttf"],"assets/fonts/Poppins/Poppins-ExtraBoldItalic.ttf":["assets/fonts/Poppins/Poppins-ExtraBoldItalic.ttf"],"assets/fonts/Poppins/Poppins-ExtraLight.ttf":["assets/fonts/Poppins/Poppins-ExtraLight.ttf"],"assets/fonts/Poppins/Poppins-ExtraLightItalic.ttf":["assets/fonts/Poppins/Poppins-ExtraLightItalic.ttf"],"assets/fonts/Poppins/Poppins-Italic.ttf":["assets/fonts/Poppins/Poppins-Italic.ttf"],"assets/fonts/Poppins/Poppins-Light.ttf":["assets/fonts/Poppins/Poppins-Light.ttf"],"assets/fonts/Poppins/Poppins-LightItalic.ttf":["assets/fonts/Poppins/Poppins-LightItalic.ttf"],"assets/fonts/Poppins/Poppins-Medium.ttf":["assets/fonts/Poppins/Poppins-Medium.ttf"],"assets/fonts/Poppins/Poppins-MediumItalic.ttf":["assets/fonts/Poppins/Poppins-MediumItalic.ttf"],"assets/fonts/Poppins/Poppins-Regular.ttf":["assets/fonts/Poppins/Poppins-Regular.ttf"],"assets/fonts/Poppins/Poppins-SemiBold.ttf":["assets/fonts/Poppins/Poppins-SemiBold.ttf"],"assets/fonts/Poppins/Poppins-SemiBoldItalic.ttf":["assets/fonts/Poppins/Poppins-SemiBoldItalic.ttf"],"assets/fonts/Poppins/Poppins-Thin.ttf":["assets/fonts/Poppins/Poppins-Thin.ttf"],"assets/fonts/Poppins/Poppins-ThinItalic.ttf":["assets/fonts/Poppins/Poppins-ThinItalic.ttf"],"assets/images/background.png":["assets/images/background.png"],"assets/images/background.svg":["assets/images/background.svg"],"assets/images/drawer/excuse.svg":["assets/images/drawer/excuse.svg"],"assets/images/drawer/home.svg":["assets/images/drawer/home.svg"],"assets/images/drawer/logout.svg":["assets/images/drawer/logout.svg"],"assets/images/drawer/menu.svg":["assets/images/drawer/menu.svg"],"assets/images/drawer/time.svg":["assets/images/drawer/time.svg"],"assets/images/drawer/vac.svg":["assets/images/drawer/vac.svg"],"assets/images/hr_icon.png":["assets/images/hr_icon.png"],"assets/images/menu.svg":["assets/images/menu.svg"],"assets/images/pyramakerz.png":["assets/images/pyramakerz.png"],"assets/images/pyramakerz.svg":["assets/images/pyramakerz.svg"],"assets/images/signout.svg":["assets/images/signout.svg"],"assets/images/tick.svg":["assets/images/tick.svg"],"assets/svgs/add_user.svg":["assets/svgs/add_user.svg"],"assets/svgs/empty_attendance.svg":["assets/svgs/empty_attendance.svg"],"assets/svgs/logout.svg":["assets/svgs/logout.svg"],"assets/svgs/no_location.svg":["assets/svgs/no_location.svg"],"assets/svgs/not_found.svg":["assets/svgs/not_found.svg"],"packages/cupertino_icons/assets/CupertinoIcons.ttf":["packages/cupertino_icons/assets/CupertinoIcons.ttf"],"packages/fluttertoast/assets/toastify.css":["packages/fluttertoast/assets/toastify.css"],"packages/fluttertoast/assets/toastify.js":["packages/fluttertoast/assets/toastify.js"]}