[{"family":"MaterialIcons","fonts":[{"asset":"fonts/MaterialIcons-Regular.otf"}]},{"family":"Poppins","fonts":[{"asset":"assets/fonts/Poppins/Poppins-Regular.ttf"},{"weight":900,"asset":"assets/fonts/Poppins/Poppins-Black.ttf"},{"weight":900,"style":"italic","asset":"assets/fonts/Poppins/Poppins-BlackItalic.ttf"},{"weight":700,"asset":"assets/fonts/Poppins/Poppins-Bold.ttf"},{"weight":700,"style":"italic","asset":"assets/fonts/Poppins/Poppins-BoldItalic.ttf"},{"weight":800,"asset":"assets/fonts/Poppins/Poppins-ExtraBold.ttf"},{"weight":800,"style":"italic","asset":"assets/fonts/Poppins/Poppins-ExtraBoldItalic.ttf"},{"weight":200,"asset":"assets/fonts/Poppins/Poppins-ExtraLight.ttf"},{"weight":200,"style":"italic","asset":"assets/fonts/Poppins/Poppins-ExtraLightItalic.ttf"},{"style":"italic","asset":"assets/fonts/Poppins/Poppins-Italic.ttf"},{"weight":300,"asset":"assets/fonts/Poppins/Poppins-Light.ttf"},{"weight":300,"style":"italic","asset":"assets/fonts/Poppins/Poppins-LightItalic.ttf"},{"weight":500,"asset":"assets/fonts/Poppins/Poppins-Medium.ttf"},{"weight":500,"style":"italic","asset":"assets/fonts/Poppins/Poppins-MediumItalic.ttf"},{"weight":600,"asset":"assets/fonts/Poppins/Poppins-SemiBold.ttf"},{"weight":600,"style":"italic","asset":"assets/fonts/Poppins/Poppins-SemiBoldItalic.ttf"},{"weight":100,"asset":"assets/fonts/Poppins/Poppins-Thin.ttf"},{"weight":100,"style":"italic","asset":"assets/fonts/Poppins/Poppins-ThinItalic.ttf"}]},{"family":"packages/cupertino_icons/CupertinoIcons","fonts":[{"asset":"packages/cupertino_icons/assets/CupertinoIcons.ttf"}]}]